{
    "seed": 0,
    "init_labeled": 1000,
    "budget": 1000,
    "batch_size": 64,
    "dataset": "2_annthyroid",
    "strategy": "MarginSampling",
    "model": "DevNet",
    "process": {
        "round_0": [
            1000,
            65,
            64,
            65,
            0.7713,
            0.4076,
            "[0.96150049,0.41791045]"
        ],
        "round_1": [
            1064,
            67,
            64,
            2,
            0.7737,
            0.4076,
            "[0.96199408,0.42537313]"
        ],
        "round_2": [
            1128,
            67,
            64,
            0,
            0.7677,
            0.3987,
            "[0.96150049,0.41791045]"
        ],
        "round_3": [
            1192,
            69,
            64,
            2,
            0.7662,
            0.3959,
            "[0.96100691,0.41044776]"
        ],
        "round_4": [
            1256,
            71,
            64,
            2,
            0.773,
            0.4047,
            "[0.96150049,0.41791045]"
        ],
        "round_5": [
            1320,
            73,
            64,
            2,
            0.779,
            0.4149,
            "[0.96150049,0.41791045]"
        ],
        "round_6": [
            1384,
            74,
            64,
            1,
            0.7843,
            0.4217,
            "[0.96150049,0.41791045]"
        ],
        "round_7": [
            1448,
            77,
            64,
            3,
            0.7891,
            0.4294,
            "[0.96150049,0.41791045]"
        ],
        "round_8": [
            1512,
            79,
            64,
            2,
            0.7827,
            0.419,
            "[0.96150049,0.41791045]"
        ],
        "round_9": [
            1576,
            81,
            64,
            2,
            0.7751,
            0.4096,
            "[0.96100691,0.41044776]"
        ],
        "round_10": [
            1640,
            81,
            64,
            0,
            0.7751,
            0.4086,
            "[0.96100691,0.41044776]"
        ],
        "round_11": [
            1704,
            87,
            64,
            6,
            0.7878,
            0.4303,
            "[0.96199408,0.42537313]"
        ],
        "round_12": [
            1768,
            92,
            64,
            5,
            0.8045,
            0.4573,
            "[0.96298124,0.44029851]"
        ],
        "round_13": [
            1832,
            94,
            64,
            2,
            0.8075,
            0.4612,
            "[0.96347483,0.44776119]"
        ],
        "round_14": [
            1896,
            97,
            64,
            3,
            0.8068,
            0.4596,
            "[0.96347483,0.44776119]"
        ],
        "round_15": [
            1960,
            97,
            64,
            0,
            0.8133,
            0.469,
            "[0.96396841,0.45522388]"
        ]
    },
    "metrics": {
        "F-aucroc": 0.8133,
        "F_aucpr": 0.469,
        "F_f1": "[0.96396841,0.45522388]"
    }
}
