{
    "seed": 0,
    "init_labeled": 1000,
    "budget": 1000,
    "batch_size": 64,
    "dataset": "2_annthyroid",
    "strategy": "MeanSTD",
    "model": "DevNet",
    "process": {
        "round_0": [
            1000,
            65,
            64,
            65,
            0.7713,
            0.4076,
            "[0.96150049,0.41791045]"
        ],
        "round_1": [
            1064,
            103,
            64,
            38,
            0.8066,
            0.4576,
            "[0.96347483,0.44776119]"
        ],
        "round_2": [
            1128,
            134,
            64,
            31,
            0.8112,
            0.4638,
            "[0.96347483,0.44776119]"
        ],
        "round_3": [
            1192,
            154,
            64,
            20,
            0.819,
            0.4747,
            "[0.96446199,0.46268657]"
        ],
        "round_4": [
            1256,
            170,
            64,
            16,
            0.8294,
            0.4896,
            "[0.96396841,0.45522388]"
        ],
        "round_5": [
            1320,
            186,
            64,
            16,
            0.8375,
            0.5029,
            "[0.96495558,0.47014925]"
        ],
        "round_6": [
            1384,
            198,
            64,
            12,
            0.8403,
            0.5088,
            "[0.96495558,0.47014925]"
        ],
        "round_7": [
            1448,
            208,
            64,
            10,
            0.8454,
            0.5165,
            "[0.96594274,0.48507463]"
        ],
        "round_8": [
            1512,
            224,
            64,
            16,
            0.8434,
            0.5139,
            "[0.96594274,0.48507463]"
        ],
        "round_9": [
            1576,
            233,
            64,
            9,
            0.8463,
            0.5182,
            "[0.96544916,0.47761194]"
        ],
        "round_10": [
            1640,
            240,
            64,
            7,
            0.8453,
            0.5182,
            "[0.96544916,0.47761194]"
        ],
        "round_11": [
            1704,
            248,
            64,
            8,
            0.8497,
            0.5237,
            "[0.96594274,0.48507463]"
        ],
        "round_12": [
            1768,
            255,
            64,
            7,
            0.8495,
            0.5226,
            "[0.96594274,0.48507463]"
        ],
        "round_13": [
            1832,
            259,
            64,
            4,
            0.8566,
            0.5338,
            "[0.96594274,0.48507463]"
        ],
        "round_14": [
            1896,
            263,
            64,
            4,
            0.8503,
            0.526,
            "[0.96594274,0.48507463]"
        ],
        "round_15": [
            1960,
            269,
            64,
            6,
            0.8605,
            0.5404,
            "[0.96643633,0.49253731]"
        ]
    },
    "metrics": {
        "F-aucroc": 0.8605,
        "F_aucpr": 0.5404,
        "F_f1": "[0.96643633,0.49253731]"
    }
}
