{
    "seed": 0,
    "init_labeled": 1000,
    "budget": 1000,
    "batch_size": 64,
    "dataset": "2_annthyroid",
    "strategy": "BALDDropout",
    "model": "DevNet",
    "process": {
        "round_0": [
            1000,
            65,
            64,
            65,
            0.7713,
            0.4076,
            "[0.96150049,0.41791045]"
        ],
        "round_1": [
            1064,
            67,
            64,
            2,
            0.7719,
            0.4055,
            "[0.96199408,0.42537313]"
        ],
        "round_2": [
            1128,
            70,
            64,
            3,
            0.777,
            0.4139,
            "[0.96150049,0.41791045]"
        ],
        "round_3": [
            1192,
            70,
            64,
            0,
            0.772,
            0.4059,
            "[0.96150049,0.41791045]"
        ],
        "round_4": [
            1256,
            73,
            64,
            3,
            0.77,
            0.4025,
            "[0.96100691,0.41044776]"
        ],
        "round_5": [
            1320,
            76,
            64,
            3,
            0.7791,
            0.4163,
            "[0.96150049,0.41791045]"
        ],
        "round_6": [
            1384,
            78,
            64,
            2,
            0.7745,
            0.4102,
            "[0.96100691,0.41044776]"
        ],
        "round_7": [
            1448,
            83,
            64,
            5,
            0.7784,
            0.4167,
            "[0.96150049,0.41791045]"
        ],
        "round_8": [
            1512,
            84,
            64,
            1,
            0.7788,
            0.417,
            "[0.96150049,0.41791045]"
        ],
        "round_9": [
            1576,
            85,
            64,
            1,
            0.7787,
            0.4162,
            "[0.96150049,0.41791045]"
        ],
        "round_10": [
            1640,
            89,
            64,
            4,
            0.7778,
            0.4162,
            "[0.96199408,0.42537313]"
        ],
        "round_11": [
            1704,
            89,
            64,
            0,
            0.7718,
            0.4062,
            "[0.96100691,0.41044776]"
        ],
        "round_12": [
            1768,
            92,
            64,
            3,
            0.7799,
            0.4187,
            "[0.96199408,0.42537313]"
        ],
        "round_13": [
            1832,
            96,
            64,
            4,
            0.791,
            0.4386,
            "[0.96248766,0.43283582]"
        ],
        "round_14": [
            1896,
            97,
            64,
            1,
            0.7964,
            0.4474,
            "[0.96248766,0.43283582]"
        ],
        "round_15": [
            1960,
            98,
            64,
            1,
            0.7932,
            0.4414,
            "[0.96248766,0.43283582]"
        ]
    },
    "metrics": {
        "F-aucroc": 0.7932,
        "F_aucpr": 0.4414,
        "F_f1": "[0.96248766,0.43283582]"
    }
}
