{
    "seed": 0,
    "init_labeled": 1000,
    "budget": 1000,
    "batch_size": 64,
    "dataset": "2_annthyroid",
    "strategy": "RandomSampling",
    "model": "DevNet",
    "is_dump": true,
    "process": {
        "round_0": [
            1000,
            65,
            64,
            65,
            0.7713,
            0.4076,
            "[0.96150049,0.41791045]"
        ],
        "round_1": [
            1064,
            68,
            64,
            3,
            0.7721,
            0.4078,
            "[0.96150049,0.41791045]"
        ],
        "round_2": [
            1128,
            72,
            64,
            4,
            0.7711,
            0.4058,
            "[0.96199408,0.42537313]"
        ],
        "round_3": [
            1192,
            74,
            64,
            2,
            0.7754,
            0.4146,
            "[0.96199408,0.42537313]"
        ],
        "round_4": [
            1256,
            77,
            64,
            3,
            0.78,
            0.4238,
            "[0.96199408,0.42537313]"
        ],
        "round_5": [
            1320,
            84,
            64,
            7,
            0.7912,
            0.4413,
            "[0.96248766,0.43283582]"
        ],
        "round_6": [
            1384,
            87,
            64,
            3,
            0.7868,
            0.4359,
            "[0.96150049,0.41791045]"
        ],
        "round_7": [
            1448,
            95,
            64,
            8,
            0.7912,
            0.4413,
            "[0.96248766,0.43283582]"
        ],
        "round_8": [
            1512,
            101,
            64,
            6,
            0.778,
            0.4214,
            "[0.96199408,0.42537313]"
        ],
        "round_9": [
            1576,
            105,
            64,
            4,
            0.7949,
            0.4484,
            "[0.96347483,0.44776119]"
        ],
        "round_10": [
            1640,
            108,
            64,
            3,
            0.7947,
            0.4486,
            "[0.96347483,0.44776119]"
        ],
        "round_11": [
            1704,
            113,
            64,
            5,
            0.795,
            0.4487,
            "[0.96347483,0.44776119]"
        ],
        "round_12": [
            1768,
            122,
            64,
            9,
            0.7907,
            0.4419,
            "[0.96248766,0.43283582]"
        ],
        "round_13": [
            1832,
            127,
            64,
            5,
            0.799,
            0.4534,
            "[0.96347483,0.44776119]"
        ],
        "round_14": [
            1896,
            130,
            64,
            3,
            0.7944,
            0.4465,
            "[0.96298124,0.44029851]"
        ],
        "round_15": [
            1960,
            134,
            64,
            4,
            0.792,
            0.4442,
            "[0.96199408,0.42537313]"
        ]
    },
    "metrics": {
        "F-aucroc": 0.792,
        "F_aucpr": 0.4442,
        "F_f1": "[0.96199408,0.42537313]"
    }
}
