{
    "seed": 0,
    "init_labeled": 1000,
    "budget": 1000,
    "batch_size": 64,
    "dataset": "3_backdoor",
    "strategy": "RandomSampling",
    "model": "DevNet",
    "process": {
        "round_0": [
            1000,
            24,
            64,
            24,
            0.9569,
            0.7784,
            "[0.98252293,0.54298643]"
        ],
        "round_1": [
            1064,
            27,
            64,
            3,
            0.9501,
            0.7894,
            "[0.98252293,0.54298643]"
        ],
        "round_2": [
            1128,
            32,
            64,
            5,
            0.9616,
            0.7979,
            "[0.98252293,0.54298643]"
        ],
        "round_3": [
            1192,
            34,
            64,
            2,
            0.9591,
            0.7976,
            "[0.98252293,0.54298643]"
        ],
        "round_4": [
            1256,
            36,
            64,
            2,
            0.9581,
            0.7995,
            "[0.98252293,0.54298643]"
        ],
        "round_5": [
            1320,
            36,
            64,
            0,
            0.9591,
            0.7993,
            "[0.98252293,0.54298643]"
        ],
        "round_6": [
            1384,
            37,
            64,
            1,
            0.9535,
            0.8064,
            "[0.98252293,0.54298643]"
        ],
        "round_7": [
            1448,
            40,
            64,
            3,
            0.9626,
            0.8512,
            "[0.98252293,0.54298643]"
        ],
        "round_8": [
            1512,
            43,
            64,
            3,
            0.9623,
            0.8528,
            "[0.98252293,0.54298643]"
        ],
        "round_9": [
            1576,
            43,
            64,
            0,
            0.9619,
            0.8521,
            "[0.98252293,0.54298643]"
        ],
        "round_10": [
            1640,
            44,
            64,
            1,
            0.9646,
            0.8532,
            "[0.98252293,0.54298643]"
        ],
        "round_11": [
            1704,
            45,
            64,
            1,
            0.9625,
            0.8539,
            "[0.98252293,0.54298643]"
        ],
        "round_12": [
            1768,
            47,
            64,
            2,
            0.9573,
            0.8493,
            "[0.98252293,0.54298643]"
        ],
        "round_13": [
            1832,
            51,
            64,
            4,
            0.9587,
            0.8497,
            "[0.98252293,0.54298643]"
        ],
        "round_14": [
            1896,
            52,
            64,
            1,
            0.9597,
            0.8503,
            "[0.98252293,0.54298643]"
        ],
        "round_15": [
            1960,
            54,
            64,
            2,
            0.961,
            0.8568,
            "[0.98286901,0.5520362 ]"
        ]
    },
    "metrics": {
        "F-aucroc": 0.961,
        "F_aucpr": 0.8568,
        "F_f1": "[0.98286901,0.5520362 ]"
    }
}
